Generation,BestOverallInfeasible,BestOverallOverSoak,BestOverallLate,BestOverallDeliveryPerformance,BestOverallSetup,BestOverallTotalCost,BestOverallIndustrialScore,BestOverallOvenUtilization,BestOverallSameTempOvenPenalty,BestOverallSamePressPenalty,BestFeasibleFound,BestExportInfeasible,BestExportOverSoak,BestExportLate,BestExportDeliveryPerformance,BestExportSetup,BestExportTotalCost,BestExportIndustrialScore,BestExportOvenUtilization,BestExportSameTempOvenPenalty,BestExportSamePressPenalty
1,0,0,0,100.0,0,0,2958.425925925926,66.79,0,1680,True,0,0,0,100.0,0,0,2958.425925925926,66.79,0,1680
2,0,0,0,100.0,0,0,2958.425925925926,66.79,0,1680,True,0,0,0,100.0,0,0,2958.425925925926,66.79,0,1680
3,0,0,0,100.0,0,0,2958.425925925926,66.79,0,1680,True,0,0,0,100.0,0,0,2958.425925925926,66.79,0,1680
4,0,0,0,100.0,0,0,2718.425925925926,66.79,0,1440,True,0,0,0,100.0,0,0,2718.425925925926,66.79,0,1440
5,0,0,0,100.0,0,0,2718.425925925926,66.79,0,1440,True,0,0,0,100.0,0,0,2718.425925925926,66.79,0,1440
6,0,0,0,100.0,0,0,2718.425925925926,66.79,0,1440,True,0,0,0,100.0,0,0,2718.425925925926,66.79,0,1440
7,0,0,0,100.0,0,0,2718.425925925926,66.79,0,1440,True,0,0,0,100.0,0,0,2718.425925925926,66.79,0,1440
8,0,0,0,100.0,0,0,2478.425925925926,66.79,0,1200,True,0,0,0,100.0,0,0,2478.425925925926,66.79,0,1200
9,0,0,0,100.0,0,0,2478.425925925926,66.79,0,1200,True,0,0,0,100.0,0,0,2478.425925925926,66.79,0,1200
10,0,0,0,100.0,0,0,2478.425925925926,66.79,0,1200,True,0,0,0,100.0,0,0,2478.425925925926,66.79,0,1200
11,0,0,0,100.0,0,0,2478.425925925926,66.79,0,1200,True,0,0,0,100.0,0,0,2478.425925925926,66.79,0,1200
12,0,0,0,100.0,0,0,2478.425925925926,66.79,0,1200,True,0,0,0,100.0,0,0,2478.425925925926,66.79,0,1200
13,0,0,0,100.0,0,0,2478.425925925926,66.79,0,1200,True,0,0,0,100.0,0,0,2478.425925925926,66.79,0,1200
14,0,0,0,100.0,0,0,2478.425925925926,66.79,0,1200,True,0,0,0,100.0,0,0,2478.425925925926,66.79,0,1200
15,0,0,0,100.0,0,0,2478.425925925926,66.79,0,1200,True,0,0,0,100.0,0,0,2478.425925925926,66.79,0,1200
16,0,0,0,100.0,0,0,2478.425925925926,66.79,0,1200,True,0,0,0,100.0,0,0,2478.425925925926,66.79,0,1200
17,0,0,0,100.0,0,0,2478.425925925926,66.79,0,1200,True,0,0,0,100.0,0,0,2478.425925925926,66.79,0,1200
18,0,0,0,100.0,0,0,2478.425925925926,66.79,0,1200,True,0,0,0,100.0,0,0,2478.425925925926,66.79,0,1200
19,0,0,0,100.0,0,0,2358.425925925926,66.79,0,1080,True,0,0,0,100.0,0,0,2358.425925925926,66.79,0,1080
20,0,0,0,100.0,0,0,2238.425925925926,66.79,0,960,True,0,0,0,100.0,0,0,2238.425925925926,66.79,0,960
21,0,0,0,100.0,0,0,2238.425925925926,66.79,0,960,True,0,0,0,100.0,0,0,2238.425925925926,66.79,0,960
22,0,0,0,100.0,0,0,2118.425925925926,66.79,0,840,True,0,0,0,100.0,0,0,2118.425925925926,66.79,0,840
23,0,0,0,100.0,0,0,2118.425925925926,66.79,0,840,True,0,0,0,100.0,0,0,2118.425925925926,66.79,0,840
24,0,0,0,100.0,0,0,2118.425925925926,66.79,0,840,True,0,0,0,100.0,0,0,2118.425925925926,66.79,0,840
25,0,0,0,100.0,0,0,1998.4259259259259,66.79,0,720,True,0,0,0,100.0,0,0,1998.4259259259259,66.79,0,720
26,0,0,0,100.0,0,0,1998.4259259259259,66.79,0,720,True,0,0,0,100.0,0,0,1998.4259259259259,66.79,0,720
27,0,0,0,100.0,0,0,1998.4259259259259,66.79,0,720,True,0,0,0,100.0,0,0,1998.4259259259259,66.79,0,720
28,0,0,0,100.0,0,0,1998.4259259259259,66.79,0,720,True,0,0,0,100.0,0,0,1998.4259259259259,66.79,0,720
29,0,0,0,100.0,0,0,1878.4259259259259,66.79,0,600,True,0,0,0,100.0,0,0,1878.4259259259259,66.79,0,600
30,0,0,0,100.0,0,0,1878.4259259259259,66.79,0,600,True,0,0,0,100.0,0,0,1878.4259259259259,66.79,0,600
31,0,0,0,100.0,0,0,1758.4259259259259,66.79,0,480,True,0,0,0,100.0,0,0,1758.4259259259259,66.79,0,480
32,0,0,0,100.0,0,0,1758.4259259259259,66.79,0,480,True,0,0,0,100.0,0,0,1758.4259259259259,66.79,0,480
33,0,0,0,100.0,0,0,1758.4259259259259,66.79,0,480,True,0,0,0,100.0,0,0,1758.4259259259259,66.79,0,480
34,0,0,0,100.0,0,0,1758.4259259259259,66.79,0,480,True,0,0,0,100.0,0,0,1758.4259259259259,66.79,0,480
35,0,0,0,100.0,0,0,1758.4259259259259,66.79,0,480,True,0,0,0,100.0,0,0,1758.4259259259259,66.79,0,480
36,0,0,0,100.0,0,0,1758.4259259259259,66.79,0,480,True,0,0,0,100.0,0,0,1758.4259259259259,66.79,0,480
37,0,0,0,100.0,0,0,1758.4259259259259,66.79,0,480,True,0,0,0,100.0,0,0,1758.4259259259259,66.79,0,480
38,0,0,0,100.0,0,0,1758.4259259259259,66.79,0,480,True,0,0,0,100.0,0,0,1758.4259259259259,66.79,0,480
39,0,0,0,100.0,0,0,1758.4259259259259,66.79,0,480,True,0,0,0,100.0,0,0,1758.4259259259259,66.79,0,480
40,0,0,0,100.0,0,0,1758.4259259259259,66.79,0,480,True,0,0,0,100.0,0,0,1758.4259259259259,66.79,0,480
41,0,0,0,100.0,0,0,1758.4259259259259,66.79,0,480,True,0,0,0,100.0,0,0,1758.4259259259259,66.79,0,480
42,0,0,0,100.0,0,0,1758.4259259259259,66.79,0,480,True,0,0,0,100.0,0,0,1758.4259259259259,66.79,0,480
43,0,0,0,100.0,0,0,1758.4259259259259,66.79,0,480,True,0,0,0,100.0,0,0,1758.4259259259259,66.79,0,480
44,0,0,0,100.0,0,0,1758.4259259259259,66.79,0,480,True,0,0,0,100.0,0,0,1758.4259259259259,66.79,0,480
45,0,0,0,100.0,0,0,1758.4259259259259,66.79,0,480,True,0,0,0,100.0,0,0,1758.4259259259259,66.79,0,480
46,0,0,0,100.0,0,0,1758.4259259259259,66.79,0,480,True,0,0,0,100.0,0,0,1758.4259259259259,66.79,0,480
47,0,0,0,100.0,0,0,1758.4259259259259,66.79,0,480,True,0,0,0,100.0,0,0,1758.4259259259259,66.79,0,480
48,0,0,0,100.0,0,0,1758.4259259259259,66.79,0,480,True,0,0,0,100.0,0,0,1758.4259259259259,66.79,0,480
49,0,0,0,100.0,0,0,1758.4259259259259,66.79,0,480,True,0,0,0,100.0,0,0,1758.4259259259259,66.79,0,480
50,0,0,0,100.0,0,0,1758.4259259259259,66.79,0,480,True,0,0,0,100.0,0,0,1758.4259259259259,66.79,0,480
